Submatrix Pattern,Noise,RF,Loss,Percent.of.Maximum.MI.per.RF,Which.Loss
2,0,2,0.072506,0.337617,Loss at 5 Epochs
2,0,2,0.080192,0.337617,Loss at 5 Epochs
2,0,2,0.094775,0.337617,Loss at 5 Epochs
2,0,2,0.103778,0.337617,Loss at 5 Epochs
2,0,2,0.052142,0.337617,Loss at 5 Epochs
2,0,2,0.21209,0.337617,Loss at 5 Epochs
2,0,2,0.065315,0.337617,Loss at 5 Epochs
2,0,2,0.17544,0.337617,Loss at 5 Epochs
2,0,2,0.403988,0.337617,Loss at 5 Epochs
2,0,2,0.095913,0.337617,Loss at 5 Epochs
2,0,4,0.451291,0.067614,Loss at 5 Epochs
2,0,4,0.207291,0.067614,Loss at 5 Epochs
2,0,4,0.180955,0.067614,Loss at 5 Epochs
2,0,4,0.290203,0.067614,Loss at 5 Epochs
2,0,4,0.144713,0.067614,Loss at 5 Epochs
2,0,4,0.279225,0.067614,Loss at 5 Epochs
2,0,4,0.218603,0.067614,Loss at 5 Epochs
2,0,4,0.143913,0.067614,Loss at 5 Epochs
2,0,4,0.128552,0.067614,Loss at 5 Epochs
2,0,4,0.380777,0.067614,Loss at 5 Epochs
2,0,8,1.003773,0.016706,Loss at 5 Epochs
2,0,8,1.336154,0.016706,Loss at 5 Epochs
2,0,8,1.192863,0.016706,Loss at 5 Epochs
2,0,8,1.203612,0.016706,Loss at 5 Epochs
2,0,8,0.982119,0.016706,Loss at 5 Epochs
2,0,8,0.965832,0.016706,Loss at 5 Epochs
2,0,8,1.348629,0.016706,Loss at 5 Epochs
2,0,8,1.340821,0.016706,Loss at 5 Epochs
2,0,8,1.299331,0.016706,Loss at 5 Epochs
2,0,8,1.359425,0.016706,Loss at 5 Epochs
2,0.1,2,0.365609,0.071483,Loss at 5 Epochs
2,0.1,2,0.721828,0.071483,Loss at 5 Epochs
2,0.1,2,0.310626,0.071483,Loss at 5 Epochs
2,0.1,2,0.329405,0.071483,Loss at 5 Epochs
2,0.1,2,0.884971,0.071483,Loss at 5 Epochs
2,0.1,2,0.359441,0.071483,Loss at 5 Epochs
2,0.1,2,0.79762,0.071483,Loss at 5 Epochs
2,0.1,2,0.336283,0.071483,Loss at 5 Epochs
2,0.1,2,0.562128,0.071483,Loss at 5 Epochs
2,0.1,2,0.450803,0.071483,Loss at 5 Epochs
2,0.1,4,1.631189,0.014411,Loss at 5 Epochs
2,0.1,4,1.43446,0.014411,Loss at 5 Epochs
2,0.1,4,0.939087,0.014411,Loss at 5 Epochs
2,0.1,4,1.386929,0.014411,Loss at 5 Epochs
2,0.1,4,1.183654,0.014411,Loss at 5 Epochs
2,0.1,4,1.254328,0.014411,Loss at 5 Epochs
2,0.1,4,1.402299,0.014411,Loss at 5 Epochs
2,0.1,4,1.074294,0.014411,Loss at 5 Epochs
2,0.1,4,1.455873,0.014411,Loss at 5 Epochs
2,0.1,4,1.738565,0.014411,Loss at 5 Epochs
2,0.1,8,2.871951,0.004058,Loss at 5 Epochs
2,0.1,8,2.742871,0.004058,Loss at 5 Epochs
2,0.1,8,2.812949,0.004058,Loss at 5 Epochs
2,0.1,8,2.895657,0.004058,Loss at 5 Epochs
2,0.1,8,3.002777,0.004058,Loss at 5 Epochs
2,0.1,8,2.672002,0.004058,Loss at 5 Epochs
2,0.1,8,2.804258,0.004058,Loss at 5 Epochs
2,0.1,8,2.72055,0.004058,Loss at 5 Epochs
2,0.1,8,3.091476,0.004058,Loss at 5 Epochs
2,0.1,8,2.790417,0.004058,Loss at 5 Epochs
2,0.2,2,2.734423,0.03081,Loss at 5 Epochs
2,0.2,2,1.729699,0.03081,Loss at 5 Epochs
2,0.2,2,2.304535,0.03081,Loss at 5 Epochs
2,0.2,2,0.95513,0.03081,Loss at 5 Epochs
2,0.2,2,2.545687,0.03081,Loss at 5 Epochs
2,0.2,2,2.875717,0.03081,Loss at 5 Epochs
2,0.2,2,2.473835,0.03081,Loss at 5 Epochs
2,0.2,2,2.685901,0.03081,Loss at 5 Epochs
2,0.2,2,4.715247,0.03081,Loss at 5 Epochs
2,0.2,2,3.900422,0.03081,Loss at 5 Epochs
2,0.2,4,3.752227,0.006307,Loss at 5 Epochs
2,0.2,4,3.256355,0.006307,Loss at 5 Epochs
2,0.2,4,3.99251,0.006307,Loss at 5 Epochs
2,0.2,4,2.972261,0.006307,Loss at 5 Epochs
2,0.2,4,3.059551,0.006307,Loss at 5 Epochs
2,0.2,4,3.365857,0.006307,Loss at 5 Epochs
2,0.2,4,2.89797,0.006307,Loss at 5 Epochs
2,0.2,4,3.761903,0.006307,Loss at 5 Epochs
2,0.2,4,2.842105,0.006307,Loss at 5 Epochs
2,0.2,4,2.436372,0.006307,Loss at 5 Epochs
2,0.2,8,3.979723,0.002156,Loss at 5 Epochs
2,0.2,8,4.365889,0.002156,Loss at 5 Epochs
2,0.2,8,4.064799,0.002156,Loss at 5 Epochs
2,0.2,8,4.084667,0.002156,Loss at 5 Epochs
2,0.2,8,4.052828,0.002156,Loss at 5 Epochs
2,0.2,8,4.135725,0.002156,Loss at 5 Epochs
2,0.2,8,4.191836,0.002156,Loss at 5 Epochs
2,0.2,8,4.150579,0.002156,Loss at 5 Epochs
2,0.2,8,4.161157,0.002156,Loss at 5 Epochs
2,0.2,8,4.144526,0.002156,Loss at 5 Epochs
2,0.3,2,4.443966,0.016901,Loss at 5 Epochs
2,0.3,2,4.093323,0.016901,Loss at 5 Epochs
2,0.3,2,4.524522,0.016901,Loss at 5 Epochs
2,0.3,2,4.337917,0.016901,Loss at 5 Epochs
2,0.3,2,4.401809,0.016901,Loss at 5 Epochs
2,0.3,2,4.775145,0.016901,Loss at 5 Epochs
2,0.3,2,4.456334,0.016901,Loss at 5 Epochs
2,0.3,2,4.709955,0.016901,Loss at 5 Epochs
2,0.3,2,3.408168,0.016901,Loss at 5 Epochs
2,0.3,2,4.272809,0.016901,Loss at 5 Epochs
2,0.3,4,4.542189,0.00352,Loss at 5 Epochs
2,0.3,4,4.743239,0.00352,Loss at 5 Epochs
2,0.3,4,4.763473,0.00352,Loss at 5 Epochs
2,0.3,4,4.473266,0.00352,Loss at 5 Epochs
2,0.3,4,4.573886,0.00352,Loss at 5 Epochs
2,0.3,4,4.702125,0.00352,Loss at 5 Epochs
2,0.3,4,4.870261,0.00352,Loss at 5 Epochs
2,0.3,4,4.735436,0.00352,Loss at 5 Epochs
2,0.3,4,4.615279,0.00352,Loss at 5 Epochs
2,0.3,4,4.830276,0.00352,Loss at 5 Epochs
2,0.3,8,5.184824,0.001542,Loss at 5 Epochs
2,0.3,8,5.077456,0.001542,Loss at 5 Epochs
2,0.3,8,5.152466,0.001542,Loss at 5 Epochs
2,0.3,8,5.034468,0.001542,Loss at 5 Epochs
2,0.3,8,5.182937,0.001542,Loss at 5 Epochs
2,0.3,8,5.204282,0.001542,Loss at 5 Epochs
2,0.3,8,5.094252,0.001542,Loss at 5 Epochs
2,0.3,8,5.132211,0.001542,Loss at 5 Epochs
2,0.3,8,5.153538,0.001542,Loss at 5 Epochs
2,0.3,8,5.14695,0.001542,Loss at 5 Epochs
2,0.4,2,5.294862,0.006404,Loss at 5 Epochs
2,0.4,2,5.550384,0.006404,Loss at 5 Epochs
2,0.4,2,5.29473,0.006404,Loss at 5 Epochs
2,0.4,2,5.349694,0.006404,Loss at 5 Epochs
2,0.4,2,5.413053,0.006404,Loss at 5 Epochs
2,0.4,2,5.41206,0.006404,Loss at 5 Epochs
2,0.4,2,5.567552,0.006404,Loss at 5 Epochs
2,0.4,2,5.372139,0.006404,Loss at 5 Epochs
2,0.4,2,5.319828,0.006404,Loss at 5 Epochs
2,0.4,2,5.536354,0.006404,Loss at 5 Epochs
2,0.4,4,5.483026,0.00145,Loss at 5 Epochs
2,0.4,4,5.464182,0.00145,Loss at 5 Epochs
2,0.4,4,5.477799,0.00145,Loss at 5 Epochs
2,0.4,4,5.544549,0.00145,Loss at 5 Epochs
2,0.4,4,5.475234,0.00145,Loss at 5 Epochs
2,0.4,4,5.518928,0.00145,Loss at 5 Epochs
2,0.4,4,5.48257,0.00145,Loss at 5 Epochs
2,0.4,4,5.523865,0.00145,Loss at 5 Epochs
2,0.4,4,5.42869,0.00145,Loss at 5 Epochs
2,0.4,4,5.531174,0.00145,Loss at 5 Epochs
2,0.4,8,5.556325,0.001013,Loss at 5 Epochs
2,0.4,8,5.556546,0.001013,Loss at 5 Epochs
2,0.4,8,5.565027,0.001013,Loss at 5 Epochs
2,0.4,8,5.585993,0.001013,Loss at 5 Epochs
2,0.4,8,5.567255,0.001013,Loss at 5 Epochs
2,0.4,8,5.570227,0.001013,Loss at 5 Epochs
2,0.4,8,5.566172,0.001013,Loss at 5 Epochs
2,0.4,8,5.593795,0.001013,Loss at 5 Epochs
2,0.4,8,5.568844,0.001013,Loss at 5 Epochs
2,0.4,8,5.561687,0.001013,Loss at 5 Epochs
4,0,2,0.085872,0.021835,Loss at 5 Epochs
4,0,2,0.056695,0.021835,Loss at 5 Epochs
4,0,2,0.139514,0.021835,Loss at 5 Epochs
4,0,2,0.101489,0.021835,Loss at 5 Epochs
4,0,2,0.109028,0.021835,Loss at 5 Epochs
4,0,2,0.062054,0.021835,Loss at 5 Epochs
4,0,2,0.05478,0.021835,Loss at 5 Epochs
4,0,2,0.127766,0.021835,Loss at 5 Epochs
4,0,2,0.232359,0.021835,Loss at 5 Epochs
4,0,2,0.120363,0.021835,Loss at 5 Epochs
4,0,4,0.104449,0.177213,Loss at 5 Epochs
4,0,4,0.155476,0.177213,Loss at 5 Epochs
4,0,4,0.095992,0.177213,Loss at 5 Epochs
4,0,4,1.333917,0.177213,Loss at 5 Epochs
4,0,4,0.114067,0.177213,Loss at 5 Epochs
4,0,4,0.16523,0.177213,Loss at 5 Epochs
4,0,4,0.079437,0.177213,Loss at 5 Epochs
4,0,4,0.093154,0.177213,Loss at 5 Epochs
4,0,4,0.1158,0.177213,Loss at 5 Epochs
4,0,4,0.081859,0.177213,Loss at 5 Epochs
4,0,8,0.542184,0.029237,Loss at 5 Epochs
4,0,8,1.197585,0.029237,Loss at 5 Epochs
4,0,8,0.715872,0.029237,Loss at 5 Epochs
4,0,8,1.957382,0.029237,Loss at 5 Epochs
4,0,8,1.812809,0.029237,Loss at 5 Epochs
4,0,8,0.642071,0.029237,Loss at 5 Epochs
4,0,8,1.09317,0.029237,Loss at 5 Epochs
4,0,8,0.800468,0.029237,Loss at 5 Epochs
4,0,8,0.608429,0.029237,Loss at 5 Epochs
4,0,8,0.696397,0.029237,Loss at 5 Epochs
4,0.1,2,1.007597,0.050524,Loss at 5 Epochs
4,0.1,2,0.724852,0.050524,Loss at 5 Epochs
4,0.1,2,0.542925,0.050524,Loss at 5 Epochs
4,0.1,2,1.094967,0.050524,Loss at 5 Epochs
4,0.1,2,0.42025,0.050524,Loss at 5 Epochs
4,0.1,2,2.017599,0.050524,Loss at 5 Epochs
4,0.1,2,0.766722,0.050524,Loss at 5 Epochs
4,0.1,2,0.434861,0.050524,Loss at 5 Epochs
4,0.1,2,1.025724,0.050524,Loss at 5 Epochs
4,0.1,2,0.677249,0.050524,Loss at 5 Epochs
4,0.1,4,0.38417,0.083638,Loss at 5 Epochs
4,0.1,4,0.875656,0.083638,Loss at 5 Epochs
4,0.1,4,0.704687,0.083638,Loss at 5 Epochs
4,0.1,4,0.829742,0.083638,Loss at 5 Epochs
4,0.1,4,0.619213,0.083638,Loss at 5 Epochs
4,0.1,4,0.685888,0.083638,Loss at 5 Epochs
4,0.1,4,0.702903,0.083638,Loss at 5 Epochs
4,0.1,4,1.423816,0.083638,Loss at 5 Epochs
4,0.1,4,0.593409,0.083638,Loss at 5 Epochs
4,0.1,4,0.629247,0.083638,Loss at 5 Epochs
4,0.1,8,2.10527,0.020634,Loss at 5 Epochs
4,0.1,8,2.275532,0.020634,Loss at 5 Epochs
4,0.1,8,2.007622,0.020634,Loss at 5 Epochs
4,0.1,8,1.803084,0.020634,Loss at 5 Epochs
4,0.1,8,2.173051,0.020634,Loss at 5 Epochs
4,0.1,8,1.838933,0.020634,Loss at 5 Epochs
4,0.1,8,1.721929,0.020634,Loss at 5 Epochs
4,0.1,8,2.116854,0.020634,Loss at 5 Epochs
4,0.1,8,1.798623,0.020634,Loss at 5 Epochs
4,0.1,8,1.942043,0.020634,Loss at 5 Epochs
4,0.2,2,2.371329,0.011896,Loss at 5 Epochs
4,0.2,2,1.953031,0.011896,Loss at 5 Epochs
4,0.2,2,2.364089,0.011896,Loss at 5 Epochs
4,0.2,2,1.823599,0.011896,Loss at 5 Epochs
4,0.2,2,3.817264,0.011896,Loss at 5 Epochs
4,0.2,2,2.406231,0.011896,Loss at 5 Epochs
4,0.2,2,3.385664,0.011896,Loss at 5 Epochs
4,0.2,2,3.298965,0.011896,Loss at 5 Epochs
4,0.2,2,2.552275,0.011896,Loss at 5 Epochs
4,0.2,2,3.209452,0.011896,Loss at 5 Epochs
4,0.2,4,2.482954,0.022484,Loss at 5 Epochs
4,0.2,4,2.950248,0.022484,Loss at 5 Epochs
4,0.2,4,2.235516,0.022484,Loss at 5 Epochs
4,0.2,4,3.008279,0.022484,Loss at 5 Epochs
4,0.2,4,2.114119,0.022484,Loss at 5 Epochs
4,0.2,4,2.827544,0.022484,Loss at 5 Epochs
4,0.2,4,2.402895,0.022484,Loss at 5 Epochs
4,0.2,4,2.577133,0.022484,Loss at 5 Epochs
4,0.2,4,1.266017,0.022484,Loss at 5 Epochs
4,0.2,4,2.149432,0.022484,Loss at 5 Epochs
4,0.2,8,3.393573,0.006003,Loss at 5 Epochs
4,0.2,8,4.030528,0.006003,Loss at 5 Epochs
4,0.2,8,3.716342,0.006003,Loss at 5 Epochs
4,0.2,8,3.565709,0.006003,Loss at 5 Epochs
4,0.2,8,3.662825,0.006003,Loss at 5 Epochs
4,0.2,8,3.899838,0.006003,Loss at 5 Epochs
4,0.2,8,3.493632,0.006003,Loss at 5 Epochs
4,0.2,8,3.658781,0.006003,Loss at 5 Epochs
4,0.2,8,3.556527,0.006003,Loss at 5 Epochs
4,0.2,8,3.37776,0.006003,Loss at 5 Epochs
4,0.3,2,4.40652,0.005294,Loss at 5 Epochs
4,0.3,2,4.375634,0.005294,Loss at 5 Epochs
4,0.3,2,4.606185,0.005294,Loss at 5 Epochs
4,0.3,2,4.147058,0.005294,Loss at 5 Epochs
4,0.3,2,4.823443,0.005294,Loss at 5 Epochs
4,0.3,2,4.428096,0.005294,Loss at 5 Epochs
4,0.3,2,4.868338,0.005294,Loss at 5 Epochs
4,0.3,2,4.293602,0.005294,Loss at 5 Epochs
4,0.3,2,4.977821,0.005294,Loss at 5 Epochs
4,0.3,2,4.382071,0.005294,Loss at 5 Epochs
4,0.3,4,4.479201,0.017103,Loss at 5 Epochs
4,0.3,4,4.496904,0.017103,Loss at 5 Epochs
4,0.3,4,4.007043,0.017103,Loss at 5 Epochs
4,0.3,4,4.398357,0.017103,Loss at 5 Epochs
4,0.3,4,4.315944,0.017103,Loss at 5 Epochs
4,0.3,4,4.921657,0.017103,Loss at 5 Epochs
4,0.3,4,4.267154,0.017103,Loss at 5 Epochs
4,0.3,4,4.881343,0.017103,Loss at 5 Epochs
4,0.3,4,4.130175,0.017103,Loss at 5 Epochs
4,0.3,4,4.73189,0.017103,Loss at 5 Epochs
4,0.3,8,4.961135,0.004735,Loss at 5 Epochs
4,0.3,8,4.948525,0.004735,Loss at 5 Epochs
4,0.3,8,4.94094,0.004735,Loss at 5 Epochs
4,0.3,8,4.999318,0.004735,Loss at 5 Epochs
4,0.3,8,4.964199,0.004735,Loss at 5 Epochs
4,0.3,8,4.834272,0.004735,Loss at 5 Epochs
4,0.3,8,4.997917,0.004735,Loss at 5 Epochs
4,0.3,8,4.846475,0.004735,Loss at 5 Epochs
4,0.3,8,5.173571,0.004735,Loss at 5 Epochs
4,0.3,8,4.971682,0.004735,Loss at 5 Epochs
4,0.4,2,5.451662,0.001081,Loss at 5 Epochs
4,0.4,2,5.340939,0.001081,Loss at 5 Epochs
4,0.4,2,5.396162,0.001081,Loss at 5 Epochs
4,0.4,2,5.486448,0.001081,Loss at 5 Epochs
4,0.4,2,5.444309,0.001081,Loss at 5 Epochs
4,0.4,2,5.496461,0.001081,Loss at 5 Epochs
4,0.4,2,5.537164,0.001081,Loss at 5 Epochs
4,0.4,2,5.409021,0.001081,Loss at 5 Epochs
4,0.4,2,5.444924,0.001081,Loss at 5 Epochs
4,0.4,2,5.494569,0.001081,Loss at 5 Epochs
4,0.4,4,5.45007,0.007099,Loss at 5 Epochs
4,0.4,4,5.446009,0.007099,Loss at 5 Epochs
4,0.4,4,5.4931,0.007099,Loss at 5 Epochs
4,0.4,4,5.57393,0.007099,Loss at 5 Epochs
4,0.4,4,5.478632,0.007099,Loss at 5 Epochs
4,0.4,4,5.517619,0.007099,Loss at 5 Epochs
4,0.4,4,5.504335,0.007099,Loss at 5 Epochs
4,0.4,4,5.508209,0.007099,Loss at 5 Epochs
4,0.4,4,5.447032,0.007099,Loss at 5 Epochs
4,0.4,4,5.530012,0.007099,Loss at 5 Epochs
4,0.4,8,5.581759,0.00238,Loss at 5 Epochs
4,0.4,8,5.577707,0.00238,Loss at 5 Epochs
4,0.4,8,5.591267,0.00238,Loss at 5 Epochs
4,0.4,8,5.572085,0.00238,Loss at 5 Epochs
4,0.4,8,5.551421,0.00238,Loss at 5 Epochs
4,0.4,8,5.53966,0.00238,Loss at 5 Epochs
4,0.4,8,5.553658,0.00238,Loss at 5 Epochs
4,0.4,8,5.531257,0.00238,Loss at 5 Epochs
4,0.4,8,5.561355,0.00238,Loss at 5 Epochs
4,0.4,8,5.570198,0.00238,Loss at 5 Epochs
8,0,2,0.264949,0.008923,Loss at 5 Epochs
8,0,2,0.200791,0.008923,Loss at 5 Epochs
8,0,2,0.21662,0.008923,Loss at 5 Epochs
8,0,2,0.24874,0.008923,Loss at 5 Epochs
8,0,2,0.390411,0.008923,Loss at 5 Epochs
8,0,2,0.200219,0.008923,Loss at 5 Epochs
8,0,2,0.355157,0.008923,Loss at 5 Epochs
8,0,2,0.190793,0.008923,Loss at 5 Epochs
8,0,2,0.299978,0.008923,Loss at 5 Epochs
8,0,2,0.395345,0.008923,Loss at 5 Epochs
8,0,4,0.567871,0.048655,Loss at 5 Epochs
8,0,4,0.828343,0.048655,Loss at 5 Epochs
8,0,4,0.431016,0.048655,Loss at 5 Epochs
8,0,4,0.564173,0.048655,Loss at 5 Epochs
8,0,4,0.703032,0.048655,Loss at 5 Epochs
8,0,4,0.442352,0.048655,Loss at 5 Epochs
8,0,4,0.630414,0.048655,Loss at 5 Epochs
8,0,4,0.389886,0.048655,Loss at 5 Epochs
8,0,4,0.605054,0.048655,Loss at 5 Epochs
8,0,4,0.546943,0.048655,Loss at 5 Epochs
8,0,8,0.615871,0.251712,Loss at 5 Epochs
8,0,8,0.544057,0.251712,Loss at 5 Epochs
8,0,8,1.198306,0.251712,Loss at 5 Epochs
8,0,8,2.081417,0.251712,Loss at 5 Epochs
8,0,8,1.52038,0.251712,Loss at 5 Epochs
8,0,8,0.375803,0.251712,Loss at 5 Epochs
8,0,8,0.847257,0.251712,Loss at 5 Epochs
8,0,8,1.460886,0.251712,Loss at 5 Epochs
8,0,8,0.383089,0.251712,Loss at 5 Epochs
8,0,8,1.21438,0.251712,Loss at 5 Epochs
8,0.1,2,1.149702,0.004297,Loss at 5 Epochs
8,0.1,2,0.890786,0.004297,Loss at 5 Epochs
8,0.1,2,0.864041,0.004297,Loss at 5 Epochs
8,0.1,2,0.918299,0.004297,Loss at 5 Epochs
8,0.1,2,0.958761,0.004297,Loss at 5 Epochs
8,0.1,2,1.130906,0.004297,Loss at 5 Epochs
8,0.1,2,0.860878,0.004297,Loss at 5 Epochs
8,0.1,2,1.205807,0.004297,Loss at 5 Epochs
8,0.1,2,0.739063,0.004297,Loss at 5 Epochs
8,0.1,2,0.892541,0.004297,Loss at 5 Epochs
8,0.1,4,1.421279,0.016003,Loss at 5 Epochs
8,0.1,4,1.425878,0.016003,Loss at 5 Epochs
8,0.1,4,1.935073,0.016003,Loss at 5 Epochs
8,0.1,4,1.434221,0.016003,Loss at 5 Epochs
8,0.1,4,2.04298,0.016003,Loss at 5 Epochs
8,0.1,4,1.413766,0.016003,Loss at 5 Epochs
8,0.1,4,1.216019,0.016003,Loss at 5 Epochs
8,0.1,4,1.925994,0.016003,Loss at 5 Epochs
8,0.1,4,1.735515,0.016003,Loss at 5 Epochs
8,0.1,4,1.597181,0.016003,Loss at 5 Epochs
8,0.1,8,1.239868,0.065639,Loss at 5 Epochs
8,0.1,8,1.23543,0.065639,Loss at 5 Epochs
8,0.1,8,0.397849,0.065639,Loss at 5 Epochs
8,0.1,8,1.317992,0.065639,Loss at 5 Epochs
8,0.1,8,0.899183,0.065639,Loss at 5 Epochs
8,0.1,8,0.975704,0.065639,Loss at 5 Epochs
8,0.1,8,0.97484,0.065639,Loss at 5 Epochs
8,0.1,8,1.197313,0.065639,Loss at 5 Epochs
8,0.1,8,1.497813,0.065639,Loss at 5 Epochs
8,0.1,8,1.87652,0.065639,Loss at 5 Epochs
8,0.2,2,2.607103,0.005326,Loss at 5 Epochs
8,0.2,2,1.960086,0.005326,Loss at 5 Epochs
8,0.2,2,2.819594,0.005326,Loss at 5 Epochs
8,0.2,2,2.571371,0.005326,Loss at 5 Epochs
8,0.2,2,2.21393,0.005326,Loss at 5 Epochs
8,0.2,2,1.926442,0.005326,Loss at 5 Epochs
8,0.2,2,2.17389,0.005326,Loss at 5 Epochs
8,0.2,2,2.812235,0.005326,Loss at 5 Epochs
8,0.2,2,2.574971,0.005326,Loss at 5 Epochs
8,0.2,2,1.920167,0.005326,Loss at 5 Epochs
8,0.2,4,2.949599,0.00865,Loss at 5 Epochs
8,0.2,4,3.429106,0.00865,Loss at 5 Epochs
8,0.2,4,2.869069,0.00865,Loss at 5 Epochs
8,0.2,4,3.574259,0.00865,Loss at 5 Epochs
8,0.2,4,3.598345,0.00865,Loss at 5 Epochs
8,0.2,4,2.959063,0.00865,Loss at 5 Epochs
8,0.2,4,3.254876,0.00865,Loss at 5 Epochs
8,0.2,4,2.769686,0.00865,Loss at 5 Epochs
8,0.2,4,3.278231,0.00865,Loss at 5 Epochs
8,0.2,4,2.879507,0.00865,Loss at 5 Epochs
8,0.2,8,1.733675,0.032226,Loss at 5 Epochs
8,0.2,8,2.685818,0.032226,Loss at 5 Epochs
8,0.2,8,2.053215,0.032226,Loss at 5 Epochs
8,0.2,8,1.98677,0.032226,Loss at 5 Epochs
8,0.2,8,1.654116,0.032226,Loss at 5 Epochs
8,0.2,8,1.739134,0.032226,Loss at 5 Epochs
8,0.2,8,1.963768,0.032226,Loss at 5 Epochs
8,0.2,8,2.402625,0.032226,Loss at 5 Epochs
8,0.2,8,2.343622,0.032226,Loss at 5 Epochs
8,0.2,8,2.052924,0.032226,Loss at 5 Epochs
8,0.3,2,3.922605,0.000832,Loss at 5 Epochs
8,0.3,2,4.074983,0.000832,Loss at 5 Epochs
8,0.3,2,4.593523,0.000832,Loss at 5 Epochs
8,0.3,2,3.825558,0.000832,Loss at 5 Epochs
8,0.3,2,3.989305,0.000832,Loss at 5 Epochs
8,0.3,2,4.164897,0.000832,Loss at 5 Epochs
8,0.3,2,3.785916,0.000832,Loss at 5 Epochs
8,0.3,2,3.822977,0.000832,Loss at 5 Epochs
8,0.3,2,3.606001,0.000832,Loss at 5 Epochs
8,0.3,2,3.713538,0.000832,Loss at 5 Epochs
8,0.3,4,4.181834,0.003805,Loss at 5 Epochs
8,0.3,4,4.438476,0.003805,Loss at 5 Epochs
8,0.3,4,4.341846,0.003805,Loss at 5 Epochs
8,0.3,4,4.668795,0.003805,Loss at 5 Epochs
8,0.3,4,4.592968,0.003805,Loss at 5 Epochs
8,0.3,4,4.431678,0.003805,Loss at 5 Epochs
8,0.3,4,4.624091,0.003805,Loss at 5 Epochs
8,0.3,4,4.347293,0.003805,Loss at 5 Epochs
8,0.3,4,4.135108,0.003805,Loss at 5 Epochs
8,0.3,4,4.767806,0.003805,Loss at 5 Epochs
8,0.3,8,3.342996,0.013259,Loss at 5 Epochs
8,0.3,8,4.364931,0.013259,Loss at 5 Epochs
8,0.3,8,3.765777,0.013259,Loss at 5 Epochs
8,0.3,8,3.669261,0.013259,Loss at 5 Epochs
8,0.3,8,3.583647,0.013259,Loss at 5 Epochs
8,0.3,8,3.962431,0.013259,Loss at 5 Epochs
8,0.3,8,3.454137,0.013259,Loss at 5 Epochs
8,0.3,8,3.498713,0.013259,Loss at 5 Epochs
8,0.3,8,3.522103,0.013259,Loss at 5 Epochs
8,0.3,8,3.357472,0.013259,Loss at 5 Epochs
8,0.4,2,5.40266,0.000239,Loss at 5 Epochs
8,0.4,2,5.38464,0.000239,Loss at 5 Epochs
8,0.4,2,5.406793,0.000239,Loss at 5 Epochs
8,0.4,2,5.458575,0.000239,Loss at 5 Epochs
8,0.4,2,5.37128,0.000239,Loss at 5 Epochs
8,0.4,2,5.370381,0.000239,Loss at 5 Epochs
8,0.4,2,5.375985,0.000239,Loss at 5 Epochs
8,0.4,2,5.411631,0.000239,Loss at 5 Epochs
8,0.4,2,5.428318,0.000239,Loss at 5 Epochs
8,0.4,2,5.348377,0.000239,Loss at 5 Epochs
8,0.4,4,5.487591,0.00176,Loss at 5 Epochs
8,0.4,4,5.479703,0.00176,Loss at 5 Epochs
8,0.4,4,5.360513,0.00176,Loss at 5 Epochs
8,0.4,4,5.497611,0.00176,Loss at 5 Epochs
8,0.4,4,5.531645,0.00176,Loss at 5 Epochs
8,0.4,4,5.534792,0.00176,Loss at 5 Epochs
8,0.4,4,5.45195,0.00176,Loss at 5 Epochs
8,0.4,4,5.505302,0.00176,Loss at 5 Epochs
8,0.4,4,5.514963,0.00176,Loss at 5 Epochs
8,0.4,4,5.474071,0.00176,Loss at 5 Epochs
8,0.4,8,5.483935,0.00635,Loss at 5 Epochs
8,0.4,8,5.379678,0.00635,Loss at 5 Epochs
8,0.4,8,5.501618,0.00635,Loss at 5 Epochs
8,0.4,8,5.253589,0.00635,Loss at 5 Epochs
8,0.4,8,5.530921,0.00635,Loss at 5 Epochs
8,0.4,8,5.304099,0.00635,Loss at 5 Epochs
8,0.4,8,5.251498,0.00635,Loss at 5 Epochs
8,0.4,8,5.444269,0.00635,Loss at 5 Epochs
8,0.4,8,5.325069,0.00635,Loss at 5 Epochs
8,0.4,8,5.169823,0.00635,Loss at 5 Epochs
2,0,2,0.002435,0.337617,Loss at 25 Epochs
2,0,2,0.002774,0.337617,Loss at 25 Epochs
2,0,2,0.002481,0.337617,Loss at 25 Epochs
2,0,2,0.002601,0.337617,Loss at 25 Epochs
2,0,2,0.002156,0.337617,Loss at 25 Epochs
2,0,2,0.003753,0.337617,Loss at 25 Epochs
2,0,2,0.002093,0.337617,Loss at 25 Epochs
2,0,2,0.003282,0.337617,Loss at 25 Epochs
2,0,2,0.004498,0.337617,Loss at 25 Epochs
2,0,2,0.003027,0.337617,Loss at 25 Epochs
2,0,4,0.004702,0.067614,Loss at 25 Epochs
2,0,4,0.003626,0.067614,Loss at 25 Epochs
2,0,4,0.00357,0.067614,Loss at 25 Epochs
2,0,4,0.00402,0.067614,Loss at 25 Epochs
2,0,4,0.00336,0.067614,Loss at 25 Epochs
2,0,4,0.003842,0.067614,Loss at 25 Epochs
2,0,4,0.003988,0.067614,Loss at 25 Epochs
2,0,4,0.003365,0.067614,Loss at 25 Epochs
2,0,4,0.003409,0.067614,Loss at 25 Epochs
2,0,4,0.003934,0.067614,Loss at 25 Epochs
2,0,8,0.008031,0.016706,Loss at 25 Epochs
2,0,8,0.009342,0.016706,Loss at 25 Epochs
2,0,8,0.009544,0.016706,Loss at 25 Epochs
2,0,8,0.009976,0.016706,Loss at 25 Epochs
2,0,8,0.00933,0.016706,Loss at 25 Epochs
2,0,8,0.008712,0.016706,Loss at 25 Epochs
2,0,8,0.009028,0.016706,Loss at 25 Epochs
2,0,8,0.010862,0.016706,Loss at 25 Epochs
2,0,8,0.011081,0.016706,Loss at 25 Epochs
2,0,8,0.008772,0.016706,Loss at 25 Epochs
2,0.1,2,0.006418,0.071483,Loss at 25 Epochs
2,0.1,2,0.009758,0.071483,Loss at 25 Epochs
2,0.1,2,0.005775,0.071483,Loss at 25 Epochs
2,0.1,2,0.00597,0.071483,Loss at 25 Epochs
2,0.1,2,0.007535,0.071483,Loss at 25 Epochs
2,0.1,2,0.006063,0.071483,Loss at 25 Epochs
2,0.1,2,0.008293,0.071483,Loss at 25 Epochs
2,0.1,2,0.006147,0.071483,Loss at 25 Epochs
2,0.1,2,0.007302,0.071483,Loss at 25 Epochs
2,0.1,2,0.006865,0.071483,Loss at 25 Epochs
2,0.1,4,0.017569,0.014411,Loss at 25 Epochs
2,0.1,4,0.019118,0.014411,Loss at 25 Epochs
2,0.1,4,0.016816,0.014411,Loss at 25 Epochs
2,0.1,4,0.015361,0.014411,Loss at 25 Epochs
2,0.1,4,0.013311,0.014411,Loss at 25 Epochs
2,0.1,4,0.015922,0.014411,Loss at 25 Epochs
2,0.1,4,0.012874,0.014411,Loss at 25 Epochs
2,0.1,4,0.015378,0.014411,Loss at 25 Epochs
2,0.1,4,0.016893,0.014411,Loss at 25 Epochs
2,0.1,4,0.014823,0.014411,Loss at 25 Epochs
2,0.1,8,0.137581,0.004058,Loss at 25 Epochs
2,0.1,8,0.171274,0.004058,Loss at 25 Epochs
2,0.1,8,0.155555,0.004058,Loss at 25 Epochs
2,0.1,8,0.141352,0.004058,Loss at 25 Epochs
2,0.1,8,0.162896,0.004058,Loss at 25 Epochs
2,0.1,8,0.183758,0.004058,Loss at 25 Epochs
2,0.1,8,0.154112,0.004058,Loss at 25 Epochs
2,0.1,8,0.15185,0.004058,Loss at 25 Epochs
2,0.1,8,0.168776,0.004058,Loss at 25 Epochs
2,0.1,8,0.209285,0.004058,Loss at 25 Epochs
2,0.2,2,0.066863,0.03081,Loss at 25 Epochs
2,0.2,2,0.029432,0.03081,Loss at 25 Epochs
2,0.2,2,0.034137,0.03081,Loss at 25 Epochs
2,0.2,2,0.025485,0.03081,Loss at 25 Epochs
2,0.2,2,0.058845,0.03081,Loss at 25 Epochs
2,0.2,2,0.042556,0.03081,Loss at 25 Epochs
2,0.2,2,0.037388,0.03081,Loss at 25 Epochs
2,0.2,2,0.074881,0.03081,Loss at 25 Epochs
2,0.2,2,0.197946,0.03081,Loss at 25 Epochs
2,0.2,2,0.058495,0.03081,Loss at 25 Epochs
2,0.2,4,0.206314,0.006307,Loss at 25 Epochs
2,0.2,4,0.145419,0.006307,Loss at 25 Epochs
2,0.2,4,0.138404,0.006307,Loss at 25 Epochs
2,0.2,4,0.088217,0.006307,Loss at 25 Epochs
2,0.2,4,0.119284,0.006307,Loss at 25 Epochs
2,0.2,4,0.149861,0.006307,Loss at 25 Epochs
2,0.2,4,0.10969,0.006307,Loss at 25 Epochs
2,0.2,4,0.131232,0.006307,Loss at 25 Epochs
2,0.2,4,0.095671,0.006307,Loss at 25 Epochs
2,0.2,4,0.094625,0.006307,Loss at 25 Epochs
2,0.2,8,1.309979,0.002156,Loss at 25 Epochs
2,0.2,8,1.431873,0.002156,Loss at 25 Epochs
2,0.2,8,1.443552,0.002156,Loss at 25 Epochs
2,0.2,8,1.440536,0.002156,Loss at 25 Epochs
2,0.2,8,1.404084,0.002156,Loss at 25 Epochs
2,0.2,8,1.464357,0.002156,Loss at 25 Epochs
2,0.2,8,1.386335,0.002156,Loss at 25 Epochs
2,0.2,8,1.462416,0.002156,Loss at 25 Epochs
2,0.2,8,1.346544,0.002156,Loss at 25 Epochs
2,0.2,8,1.451822,0.002156,Loss at 25 Epochs
2,0.3,2,0.558888,0.016901,Loss at 25 Epochs
2,0.3,2,0.658854,0.016901,Loss at 25 Epochs
2,0.3,2,0.762194,0.016901,Loss at 25 Epochs
2,0.3,2,0.471321,0.016901,Loss at 25 Epochs
2,0.3,2,0.4858,0.016901,Loss at 25 Epochs
2,0.3,2,0.660458,0.016901,Loss at 25 Epochs
2,0.3,2,1.393302,0.016901,Loss at 25 Epochs
2,0.3,2,0.61971,0.016901,Loss at 25 Epochs
2,0.3,2,0.429906,0.016901,Loss at 25 Epochs
2,0.3,2,0.580052,0.016901,Loss at 25 Epochs
2,0.3,4,1.317893,0.00352,Loss at 25 Epochs
2,0.3,4,1.358838,0.00352,Loss at 25 Epochs
2,0.3,4,1.010974,0.00352,Loss at 25 Epochs
2,0.3,4,1.20923,0.00352,Loss at 25 Epochs
2,0.3,4,0.988312,0.00352,Loss at 25 Epochs
2,0.3,4,1.094963,0.00352,Loss at 25 Epochs
2,0.3,4,1.054661,0.00352,Loss at 25 Epochs
2,0.3,4,1.229381,0.00352,Loss at 25 Epochs
2,0.3,4,0.839072,0.00352,Loss at 25 Epochs
2,0.3,4,1.41344,0.00352,Loss at 25 Epochs
2,0.3,8,3.886723,0.001542,Loss at 25 Epochs
2,0.3,8,3.803137,0.001542,Loss at 25 Epochs
2,0.3,8,3.79704,0.001542,Loss at 25 Epochs
2,0.3,8,3.679954,0.001542,Loss at 25 Epochs
2,0.3,8,3.940491,0.001542,Loss at 25 Epochs
2,0.3,8,3.914916,0.001542,Loss at 25 Epochs
2,0.3,8,3.837257,0.001542,Loss at 25 Epochs
2,0.3,8,3.834004,0.001542,Loss at 25 Epochs
2,0.3,8,3.738233,0.001542,Loss at 25 Epochs
2,0.3,8,3.861386,0.001542,Loss at 25 Epochs
2,0.4,2,4.724326,0.006404,Loss at 25 Epochs
2,0.4,2,5.351345,0.006404,Loss at 25 Epochs
2,0.4,2,4.770277,0.006404,Loss at 25 Epochs
2,0.4,2,5.243878,0.006404,Loss at 25 Epochs
2,0.4,2,4.971237,0.006404,Loss at 25 Epochs
2,0.4,2,5.035112,0.006404,Loss at 25 Epochs
2,0.4,2,6.345874,0.006404,Loss at 25 Epochs
2,0.4,2,4.627906,0.006404,Loss at 25 Epochs
2,0.4,2,5.02679,0.006404,Loss at 25 Epochs
2,0.4,2,6.077064,0.006404,Loss at 25 Epochs
2,0.4,4,5.594462,0.00145,Loss at 25 Epochs
2,0.4,4,5.579985,0.00145,Loss at 25 Epochs
2,0.4,4,5.58742,0.00145,Loss at 25 Epochs
2,0.4,4,5.86283,0.00145,Loss at 25 Epochs
2,0.4,4,5.636647,0.00145,Loss at 25 Epochs
2,0.4,4,5.68603,0.00145,Loss at 25 Epochs
2,0.4,4,5.733085,0.00145,Loss at 25 Epochs
2,0.4,4,5.783667,0.00145,Loss at 25 Epochs
2,0.4,4,5.440937,0.00145,Loss at 25 Epochs
2,0.4,4,5.829344,0.00145,Loss at 25 Epochs
2,0.4,8,5.704609,0.001013,Loss at 25 Epochs
2,0.4,8,5.689605,0.001013,Loss at 25 Epochs
2,0.4,8,5.718415,0.001013,Loss at 25 Epochs
2,0.4,8,5.781972,0.001013,Loss at 25 Epochs
2,0.4,8,5.673411,0.001013,Loss at 25 Epochs
2,0.4,8,5.817685,0.001013,Loss at 25 Epochs
2,0.4,8,5.711704,0.001013,Loss at 25 Epochs
2,0.4,8,5.857022,0.001013,Loss at 25 Epochs
2,0.4,8,5.78886,0.001013,Loss at 25 Epochs
2,0.4,8,5.657315,0.001013,Loss at 25 Epochs
4,0,2,0.002191,0.021835,Loss at 25 Epochs
4,0,2,0.002273,0.021835,Loss at 25 Epochs
4,0,2,0.002716,0.021835,Loss at 25 Epochs
4,0,2,0.002595,0.021835,Loss at 25 Epochs
4,0,2,0.002963,0.021835,Loss at 25 Epochs
4,0,2,0.00207,0.021835,Loss at 25 Epochs
4,0,2,0.002333,0.021835,Loss at 25 Epochs
4,0,2,0.0015,0.021835,Loss at 25 Epochs
4,0,2,0.002863,0.021835,Loss at 25 Epochs
4,0,2,0.003473,0.021835,Loss at 25 Epochs
4,0,4,0.002222,0.177213,Loss at 25 Epochs
4,0,4,0.003653,0.177213,Loss at 25 Epochs
4,0,4,0.002289,0.177213,Loss at 25 Epochs
4,0,4,0.008449,0.177213,Loss at 25 Epochs
4,0,4,0.002751,0.177213,Loss at 25 Epochs
4,0,4,0.00324,0.177213,Loss at 25 Epochs
4,0,4,0.002474,0.177213,Loss at 25 Epochs
4,0,4,0.002416,0.177213,Loss at 25 Epochs
4,0,4,0.002741,0.177213,Loss at 25 Epochs
4,0,4,0.002274,0.177213,Loss at 25 Epochs
4,0,8,0.006554,0.029237,Loss at 25 Epochs
4,0,8,0.010291,0.029237,Loss at 25 Epochs
4,0,8,0.006284,0.029237,Loss at 25 Epochs
4,0,8,0.027815,0.029237,Loss at 25 Epochs
4,0,8,0.021072,0.029237,Loss at 25 Epochs
4,0,8,0.006845,0.029237,Loss at 25 Epochs
4,0,8,0.009543,0.029237,Loss at 25 Epochs
4,0,8,0.005915,0.029237,Loss at 25 Epochs
4,0,8,0.006766,0.029237,Loss at 25 Epochs
4,0,8,0.006494,0.029237,Loss at 25 Epochs
4,0.1,2,0.010487,0.050524,Loss at 25 Epochs
4,0.1,2,0.017038,0.050524,Loss at 25 Epochs
4,0.1,2,0.012707,0.050524,Loss at 25 Epochs
4,0.1,2,0.02153,0.050524,Loss at 25 Epochs
4,0.1,2,0.010481,0.050524,Loss at 25 Epochs
4,0.1,2,0.027796,0.050524,Loss at 25 Epochs
4,0.1,2,0.016557,0.050524,Loss at 25 Epochs
4,0.1,2,0.010215,0.050524,Loss at 25 Epochs
4,0.1,2,0.021409,0.050524,Loss at 25 Epochs
4,0.1,2,0.012193,0.050524,Loss at 25 Epochs
4,0.1,4,0.00698,0.083638,Loss at 25 Epochs
4,0.1,4,0.006072,0.083638,Loss at 25 Epochs
4,0.1,4,0.009038,0.083638,Loss at 25 Epochs
4,0.1,4,0.011306,0.083638,Loss at 25 Epochs
4,0.1,4,0.007348,0.083638,Loss at 25 Epochs
4,0.1,4,0.010196,0.083638,Loss at 25 Epochs
4,0.1,4,0.009817,0.083638,Loss at 25 Epochs
4,0.1,4,0.005818,0.083638,Loss at 25 Epochs
4,0.1,4,0.008338,0.083638,Loss at 25 Epochs
4,0.1,4,0.00824,0.083638,Loss at 25 Epochs
4,0.1,8,0.047041,0.020634,Loss at 25 Epochs
4,0.1,8,0.046199,0.020634,Loss at 25 Epochs
4,0.1,8,0.04331,0.020634,Loss at 25 Epochs
4,0.1,8,0.045447,0.020634,Loss at 25 Epochs
4,0.1,8,0.071445,0.020634,Loss at 25 Epochs
4,0.1,8,0.049957,0.020634,Loss at 25 Epochs
4,0.1,8,0.053839,0.020634,Loss at 25 Epochs
4,0.1,8,0.042501,0.020634,Loss at 25 Epochs
4,0.1,8,0.045711,0.020634,Loss at 25 Epochs
4,0.1,8,0.05646,0.020634,Loss at 25 Epochs
4,0.2,2,0.065801,0.011896,Loss at 25 Epochs
4,0.2,2,0.104756,0.011896,Loss at 25 Epochs
4,0.2,2,0.101109,0.011896,Loss at 25 Epochs
4,0.2,2,0.069003,0.011896,Loss at 25 Epochs
4,0.2,2,0.155895,0.011896,Loss at 25 Epochs
4,0.2,2,0.075881,0.011896,Loss at 25 Epochs
4,0.2,2,0.131374,0.011896,Loss at 25 Epochs
4,0.2,2,0.206775,0.011896,Loss at 25 Epochs
4,0.2,2,0.082956,0.011896,Loss at 25 Epochs
4,0.2,2,0.159191,0.011896,Loss at 25 Epochs
4,0.2,4,0.050839,0.022484,Loss at 25 Epochs
4,0.2,4,0.087023,0.022484,Loss at 25 Epochs
4,0.2,4,0.153589,0.022484,Loss at 25 Epochs
4,0.2,4,0.059666,0.022484,Loss at 25 Epochs
4,0.2,4,0.048175,0.022484,Loss at 25 Epochs
4,0.2,4,0.062381,0.022484,Loss at 25 Epochs
4,0.2,4,0.032315,0.022484,Loss at 25 Epochs
4,0.2,4,0.085185,0.022484,Loss at 25 Epochs
4,0.2,4,0.023514,0.022484,Loss at 25 Epochs
4,0.2,4,0.035865,0.022484,Loss at 25 Epochs
4,0.2,8,0.460059,0.006003,Loss at 25 Epochs
4,0.2,8,0.59627,0.006003,Loss at 25 Epochs
4,0.2,8,0.492024,0.006003,Loss at 25 Epochs
4,0.2,8,0.523037,0.006003,Loss at 25 Epochs
4,0.2,8,0.506338,0.006003,Loss at 25 Epochs
4,0.2,8,0.55858,0.006003,Loss at 25 Epochs
4,0.2,8,0.536397,0.006003,Loss at 25 Epochs
4,0.2,8,0.608879,0.006003,Loss at 25 Epochs
4,0.2,8,0.429327,0.006003,Loss at 25 Epochs
4,0.2,8,0.486932,0.006003,Loss at 25 Epochs
4,0.3,2,1.074052,0.005294,Loss at 25 Epochs
4,0.3,2,0.972244,0.005294,Loss at 25 Epochs
4,0.3,2,0.823863,0.005294,Loss at 25 Epochs
4,0.3,2,0.75868,0.005294,Loss at 25 Epochs
4,0.3,2,0.814516,0.005294,Loss at 25 Epochs
4,0.3,2,1.04933,0.005294,Loss at 25 Epochs
4,0.3,2,1.881,0.005294,Loss at 25 Epochs
4,0.3,2,0.979087,0.005294,Loss at 25 Epochs
4,0.3,2,1.562164,0.005294,Loss at 25 Epochs
4,0.3,2,1.071258,0.005294,Loss at 25 Epochs
4,0.3,4,0.588685,0.017103,Loss at 25 Epochs
4,0.3,4,0.405194,0.017103,Loss at 25 Epochs
4,0.3,4,0.504611,0.017103,Loss at 25 Epochs
4,0.3,4,0.627522,0.017103,Loss at 25 Epochs
4,0.3,4,0.540875,0.017103,Loss at 25 Epochs
4,0.3,4,0.604476,0.017103,Loss at 25 Epochs
4,0.3,4,0.627188,0.017103,Loss at 25 Epochs
4,0.3,4,0.689481,0.017103,Loss at 25 Epochs
4,0.3,4,0.741053,0.017103,Loss at 25 Epochs
4,0.3,4,0.651146,0.017103,Loss at 25 Epochs
4,0.3,8,2.513068,0.004735,Loss at 25 Epochs
4,0.3,8,2.461611,0.004735,Loss at 25 Epochs
4,0.3,8,2.449485,0.004735,Loss at 25 Epochs
4,0.3,8,2.648407,0.004735,Loss at 25 Epochs
4,0.3,8,2.379485,0.004735,Loss at 25 Epochs
4,0.3,8,2.503012,0.004735,Loss at 25 Epochs
4,0.3,8,2.47774,0.004735,Loss at 25 Epochs
4,0.3,8,2.477374,0.004735,Loss at 25 Epochs
4,0.3,8,2.707007,0.004735,Loss at 25 Epochs
4,0.3,8,2.377036,0.004735,Loss at 25 Epochs
4,0.4,2,5.745842,0.001081,Loss at 25 Epochs
4,0.4,2,6.166419,0.001081,Loss at 25 Epochs
4,0.4,2,5.386071,0.001081,Loss at 25 Epochs
4,0.4,2,5.558818,0.001081,Loss at 25 Epochs
4,0.4,2,5.679322,0.001081,Loss at 25 Epochs
4,0.4,2,5.713977,0.001081,Loss at 25 Epochs
4,0.4,2,6.95639,0.001081,Loss at 25 Epochs
4,0.4,2,5.628086,0.001081,Loss at 25 Epochs
4,0.4,2,5.53349,0.001081,Loss at 25 Epochs
4,0.4,2,6.711304,0.001081,Loss at 25 Epochs
4,0.4,4,4.833085,0.007099,Loss at 25 Epochs
4,0.4,4,4.982717,0.007099,Loss at 25 Epochs
4,0.4,4,5.269165,0.007099,Loss at 25 Epochs
4,0.4,4,5.343997,0.007099,Loss at 25 Epochs
4,0.4,4,5.085339,0.007099,Loss at 25 Epochs
4,0.4,4,5.145761,0.007099,Loss at 25 Epochs
4,0.4,4,4.934895,0.007099,Loss at 25 Epochs
4,0.4,4,4.993238,0.007099,Loss at 25 Epochs
4,0.4,4,4.72234,0.007099,Loss at 25 Epochs
4,0.4,4,5.474634,0.007099,Loss at 25 Epochs
4,0.4,8,5.452194,0.00238,Loss at 25 Epochs
4,0.4,8,5.393788,0.00238,Loss at 25 Epochs
4,0.4,8,5.467605,0.00238,Loss at 25 Epochs
4,0.4,8,5.482907,0.00238,Loss at 25 Epochs
4,0.4,8,5.402302,0.00238,Loss at 25 Epochs
4,0.4,8,5.280994,0.00238,Loss at 25 Epochs
4,0.4,8,5.41001,0.00238,Loss at 25 Epochs
4,0.4,8,5.308978,0.00238,Loss at 25 Epochs
4,0.4,8,5.316724,0.00238,Loss at 25 Epochs
4,0.4,8,5.413491,0.00238,Loss at 25 Epochs
8,0,2,0.004495,0.008923,Loss at 25 Epochs
8,0,2,0.004145,0.008923,Loss at 25 Epochs
8,0,2,0.003159,0.008923,Loss at 25 Epochs
8,0,2,0.002627,0.008923,Loss at 25 Epochs
8,0,2,0.003171,0.008923,Loss at 25 Epochs
8,0,2,0.002932,0.008923,Loss at 25 Epochs
8,0,2,0.002751,0.008923,Loss at 25 Epochs
8,0,2,0.00423,0.008923,Loss at 25 Epochs
8,0,2,0.000838,0.008923,Loss at 25 Epochs
8,0,2,0.003117,0.008923,Loss at 25 Epochs
8,0,4,0.00648,0.048655,Loss at 25 Epochs
8,0,4,0.006628,0.048655,Loss at 25 Epochs
8,0,4,0.005008,0.048655,Loss at 25 Epochs
8,0,4,0.007318,0.048655,Loss at 25 Epochs
8,0,4,0.005277,0.048655,Loss at 25 Epochs
8,0,4,0.005695,0.048655,Loss at 25 Epochs
8,0,4,0.005239,0.048655,Loss at 25 Epochs
8,0,4,0.005516,0.048655,Loss at 25 Epochs
8,0,4,0.005522,0.048655,Loss at 25 Epochs
8,0,4,0.004835,0.048655,Loss at 25 Epochs
8,0,8,0.006134,0.251712,Loss at 25 Epochs
8,0,8,0.00358,0.251712,Loss at 25 Epochs
8,0,8,0.00783,0.251712,Loss at 25 Epochs
8,0,8,0.007121,0.251712,Loss at 25 Epochs
8,0,8,0.018498,0.251712,Loss at 25 Epochs
8,0,8,0.004041,0.251712,Loss at 25 Epochs
8,0,8,0.007304,0.251712,Loss at 25 Epochs
8,0,8,0.007739,0.251712,Loss at 25 Epochs
8,0,8,0.004916,0.251712,Loss at 25 Epochs
8,0,8,0.007077,0.251712,Loss at 25 Epochs
8,0.1,2,0.023961,0.004297,Loss at 25 Epochs
8,0.1,2,0.040657,0.004297,Loss at 25 Epochs
8,0.1,2,0.032351,0.004297,Loss at 25 Epochs
8,0.1,2,0.022022,0.004297,Loss at 25 Epochs
8,0.1,2,0.036441,0.004297,Loss at 25 Epochs
8,0.1,2,0.024464,0.004297,Loss at 25 Epochs
8,0.1,2,0.035529,0.004297,Loss at 25 Epochs
8,0.1,2,0.032435,0.004297,Loss at 25 Epochs
8,0.1,2,0.020271,0.004297,Loss at 25 Epochs
8,0.1,2,0.024123,0.004297,Loss at 25 Epochs
8,0.1,4,0.053334,0.016003,Loss at 25 Epochs
8,0.1,4,0.042018,0.016003,Loss at 25 Epochs
8,0.1,4,0.04468,0.016003,Loss at 25 Epochs
8,0.1,4,0.047474,0.016003,Loss at 25 Epochs
8,0.1,4,0.048798,0.016003,Loss at 25 Epochs
8,0.1,4,0.054674,0.016003,Loss at 25 Epochs
8,0.1,4,0.034429,0.016003,Loss at 25 Epochs
8,0.1,4,0.047436,0.016003,Loss at 25 Epochs
8,0.1,4,0.046191,0.016003,Loss at 25 Epochs
8,0.1,4,0.042094,0.016003,Loss at 25 Epochs
8,0.1,8,0.014757,0.065639,Loss at 25 Epochs
8,0.1,8,0.021262,0.065639,Loss at 25 Epochs
8,0.1,8,0.006776,0.065639,Loss at 25 Epochs
8,0.1,8,0.014903,0.065639,Loss at 25 Epochs
8,0.1,8,0.008722,0.065639,Loss at 25 Epochs
8,0.1,8,0.01415,0.065639,Loss at 25 Epochs
8,0.1,8,0.011544,0.065639,Loss at 25 Epochs
8,0.1,8,0.010647,0.065639,Loss at 25 Epochs
8,0.1,8,0.021898,0.065639,Loss at 25 Epochs
8,0.1,8,0.041677,0.065639,Loss at 25 Epochs
8,0.2,2,0.371908,0.005326,Loss at 25 Epochs
8,0.2,2,0.243056,0.005326,Loss at 25 Epochs
8,0.2,2,0.219948,0.005326,Loss at 25 Epochs
8,0.2,2,0.237244,0.005326,Loss at 25 Epochs
8,0.2,2,0.228009,0.005326,Loss at 25 Epochs
8,0.2,2,0.203754,0.005326,Loss at 25 Epochs
8,0.2,2,0.247537,0.005326,Loss at 25 Epochs
8,0.2,2,0.252679,0.005326,Loss at 25 Epochs
8,0.2,2,0.260246,0.005326,Loss at 25 Epochs
8,0.2,2,0.328571,0.005326,Loss at 25 Epochs
8,0.2,4,0.340877,0.00865,Loss at 25 Epochs
8,0.2,4,0.347113,0.00865,Loss at 25 Epochs
8,0.2,4,0.353227,0.00865,Loss at 25 Epochs
8,0.2,4,0.4468,0.00865,Loss at 25 Epochs
8,0.2,4,0.441153,0.00865,Loss at 25 Epochs
8,0.2,4,0.389099,0.00865,Loss at 25 Epochs
8,0.2,4,0.329252,0.00865,Loss at 25 Epochs
8,0.2,4,0.342599,0.00865,Loss at 25 Epochs
8,0.2,4,0.411356,0.00865,Loss at 25 Epochs
8,0.2,4,0.38732,0.00865,Loss at 25 Epochs
8,0.2,8,0.039762,0.032226,Loss at 25 Epochs
8,0.2,8,0.213965,0.032226,Loss at 25 Epochs
8,0.2,8,0.061526,0.032226,Loss at 25 Epochs
8,0.2,8,0.095747,0.032226,Loss at 25 Epochs
8,0.2,8,0.069353,0.032226,Loss at 25 Epochs
8,0.2,8,0.051676,0.032226,Loss at 25 Epochs
8,0.2,8,0.054869,0.032226,Loss at 25 Epochs
8,0.2,8,0.165717,0.032226,Loss at 25 Epochs
8,0.2,8,0.051966,0.032226,Loss at 25 Epochs
8,0.2,8,0.082005,0.032226,Loss at 25 Epochs
8,0.3,2,1.213888,0.000832,Loss at 25 Epochs
8,0.3,2,1.116383,0.000832,Loss at 25 Epochs
8,0.3,2,1.92837,0.000832,Loss at 25 Epochs
8,0.3,2,1.037274,0.000832,Loss at 25 Epochs
8,0.3,2,1.751381,0.000832,Loss at 25 Epochs
8,0.3,2,1.077738,0.000832,Loss at 25 Epochs
8,0.3,2,1.338631,0.000832,Loss at 25 Epochs
8,0.3,2,1.379765,0.000832,Loss at 25 Epochs
8,0.3,2,1.470026,0.000832,Loss at 25 Epochs
8,0.3,2,1.142084,0.000832,Loss at 25 Epochs
8,0.3,4,1.761095,0.003805,Loss at 25 Epochs
8,0.3,4,1.779544,0.003805,Loss at 25 Epochs
8,0.3,4,1.883912,0.003805,Loss at 25 Epochs
8,0.3,4,1.757423,0.003805,Loss at 25 Epochs
8,0.3,4,1.600657,0.003805,Loss at 25 Epochs
8,0.3,4,2.100789,0.003805,Loss at 25 Epochs
8,0.3,4,1.986076,0.003805,Loss at 25 Epochs
8,0.3,4,1.729514,0.003805,Loss at 25 Epochs
8,0.3,4,1.552255,0.003805,Loss at 25 Epochs
8,0.3,4,2.303708,0.003805,Loss at 25 Epochs
8,0.3,8,0.733242,0.013259,Loss at 25 Epochs
8,0.3,8,0.988619,0.013259,Loss at 25 Epochs
8,0.3,8,0.584052,0.013259,Loss at 25 Epochs
8,0.3,8,0.77421,0.013259,Loss at 25 Epochs
8,0.3,8,0.533078,0.013259,Loss at 25 Epochs
8,0.3,8,0.614218,0.013259,Loss at 25 Epochs
8,0.3,8,0.599204,0.013259,Loss at 25 Epochs
8,0.3,8,0.526964,0.013259,Loss at 25 Epochs
8,0.3,8,0.541166,0.013259,Loss at 25 Epochs
8,0.3,8,0.669698,0.013259,Loss at 25 Epochs
8,0.4,2,5.983296,0.000239,Loss at 25 Epochs
8,0.4,2,5.365508,0.000239,Loss at 25 Epochs
8,0.4,2,5.126392,0.000239,Loss at 25 Epochs
8,0.4,2,5.528787,0.000239,Loss at 25 Epochs
8,0.4,2,5.062313,0.000239,Loss at 25 Epochs
8,0.4,2,5.465166,0.000239,Loss at 25 Epochs
8,0.4,2,5.972949,0.000239,Loss at 25 Epochs
8,0.4,2,5.736188,0.000239,Loss at 25 Epochs
8,0.4,2,5.397445,0.000239,Loss at 25 Epochs
8,0.4,2,5.91134,0.000239,Loss at 25 Epochs
8,0.4,4,5.525148,0.00176,Loss at 25 Epochs
8,0.4,4,5.629322,0.00176,Loss at 25 Epochs
8,0.4,4,5.099932,0.00176,Loss at 25 Epochs
8,0.4,4,5.446192,0.00176,Loss at 25 Epochs
8,0.4,4,5.590599,0.00176,Loss at 25 Epochs
8,0.4,4,5.829094,0.00176,Loss at 25 Epochs
8,0.4,4,5.449518,0.00176,Loss at 25 Epochs
8,0.4,4,5.572408,0.00176,Loss at 25 Epochs
8,0.4,4,5.613231,0.00176,Loss at 25 Epochs
8,0.4,4,5.365487,0.00176,Loss at 25 Epochs
8,0.4,8,3.57548,0.00635,Loss at 25 Epochs
8,0.4,8,3.699133,0.00635,Loss at 25 Epochs
8,0.4,8,3.393268,0.00635,Loss at 25 Epochs
8,0.4,8,3.423741,0.00635,Loss at 25 Epochs
8,0.4,8,3.589039,0.00635,Loss at 25 Epochs
8,0.4,8,3.657736,0.00635,Loss at 25 Epochs
8,0.4,8,3.447975,0.00635,Loss at 25 Epochs
8,0.4,8,3.553395,0.00635,Loss at 25 Epochs
8,0.4,8,3.230946,0.00635,Loss at 25 Epochs
8,0.4,8,3.395537,0.00635,Loss at 25 Epochs